{
  "project_info": {
    "project_number": "552264223017",
    "project_id": "donutask-level-editor",
    "storage_bucket": "donutask-level-editor.appspot.com"
  },
  "client": [
    {
      "client_info": {
        "mobilesdk_app_id": "1:552264223017:android:03eb373e5fe1647471cf38",
        "android_client_info": {
          "package_name": "com.donutask.leveleditor"
        }
      },
      "oauth_client": [
        {
          "client_id": "552264223017-72tb3cqlti96s5337hqqose06qq1du9a.apps.googleusercontent.com",
          "client_type": 3
        }
      ],
      "api_key": [
        {
          "current_key": "AIzaSyAcc65EPTXTCQ9sG2sluzoBhY3h9XX9rhA"
        }
      ],
      "services": {
        "appinvite_service": {
          "other_platform_oauth_client": [
            {
              "client_id": "552264223017-72tb3cqlti96s5337hqqose06qq1du9a.apps.googleusercontent.com",
              "client_type": 3
            }
          ]
        }
      }
    }
  ],
  "configuration_version": "1"
}