<linker>
	<assembly fullname="UnityEngine">
		<type fullname="UnityEngine.Object" preserve="nothing"/>
		<type fullname="UnityEngine.Behaviour" preserve="nothing"/>
		<type fullname="UnityEngine.Component" preserve="nothing"/>
		<type fullname="UnityEditor.MonoScript" preserve="nothing"/>
		<type fullname="UnityEngine.MonoBehaviour" preserve="nothing"/>
		<type fullname="UnityEngine.Material" preserve="nothing"/>
		<type fullname="UnityEngine.Texture" preserve="nothing"/>
		<type fullname="UnityEngine.Texture2D" preserve="nothing"/>
		<type fullname="UnityEngine.Sprite" preserve="nothing"/>
		<type fullname="UnityEditor.UnityConnectSettings" preserve="nothing"/>
		<type fullname="UnityEditor.VFXManager" preserve="nothing"/>
		<type fullname="UnityEngine.Shader" preserve="nothing"/>
		<type fullname="UnityEngine.TextAsset" preserve="nothing"/>
		<type fullname="UnityEditor.TagManager" preserve="nothing"/>
		<type fullname="UnityEditor.MonoManager" preserve="nothing"/>
		<type fullname="UnityEngine.Rendering.GraphicsSettings" preserve="nothing"/>
		<type fullname="UnityEditor.PlayerSettings" preserve="nothing"/>
		<type fullname="UnityEditor.TimeManager" preserve="nothing"/>
		<type fullname="UnityEditor.InputManager" preserve="nothing"/>
		<type fullname="UnityEditor.PhysicsManager" preserve="nothing"/>
		<type fullname="UnityEditor.AudioManager" preserve="nothing"/>
		<type fullname="UnityEditor.Physics2DSettings" preserve="nothing"/>
		<type fullname="UnityEngine.QualitySettings" preserve="nothing"/>
		<type fullname="UnityEngine.Camera" preserve="nothing"/>
		<type fullname="UnityEngine.Transform" preserve="nothing"/>
		<type fullname="UnityEngine.AudioBehaviour" preserve="nothing"/>
		<type fullname="UnityEngine.AudioListener" preserve="nothing"/>
		<type fullname="UnityEngine.Canvas" preserve="nothing"/>
		<type fullname="UnityEngine.RectTransform" preserve="nothing"/>
		<type fullname="UnityEngine.GameObject" preserve="nothing"/>
		<type fullname="UnityEngine.LightmapSettings" preserve="nothing"/>
		<type fullname="UnityEngine.Font" preserve="nothing"/>
		<type fullname="UnityEngine.CanvasRenderer" preserve="nothing"/>
		<type fullname="UnityEngine.RenderSettings" preserve="nothing"/>
		<type fullname="UnityEngine.Renderer" preserve="nothing"/>
		<type fullname="UnityEngine.MeshRenderer" preserve="nothing"/>
		<type fullname="UnityEngine.SpriteRenderer" preserve="nothing"/>
		<type fullname="UnityEngine.Grid" preserve="nothing"/>
		<type fullname="UnityEngine.GridLayout" preserve="nothing"/>
		<type fullname="UnityEngine.ParticleSystem" preserve="nothing"/>
		<type fullname="UnityEngine.ParticleSystemRenderer" preserve="nothing"/>
		<type fullname="UnityEngine.Rigidbody2D" preserve="nothing"/>
		<type fullname="UnityEngine.Collider2D" preserve="nothing"/>
		<type fullname="UnityEngine.CircleCollider2D" preserve="nothing"/>
		<type fullname="UnityEngine.EdgeCollider2D" preserve="nothing"/>
		<type fullname="UnityEngine.BoxCollider2D" preserve="nothing"/>
		<type fullname="UnityEngine.PolygonCollider2D" preserve="nothing"/>
		<type fullname="UnityEngine.CompositeCollider2D" preserve="nothing"/>
		<type fullname="UnityEngine.U2D.SpriteShapeRenderer" preserve="nothing"/>
		<type fullname="UnityEngine.Tilemaps.Tilemap" preserve="nothing"/>
		<type fullname="UnityEngine.Tilemaps.TilemapRenderer" preserve="nothing"/>
		<type fullname="UnityEngine.Tilemaps.TilemapCollider2D" preserve="nothing"/>
		<type fullname="UnityEngine.AnimationClip" preserve="nothing"/>
		<type fullname="UnityEngine.Animator" preserve="nothing"/>
		<type fullname="UnityEditor.Animations.AnimatorController" preserve="nothing"/>
		<type fullname="UnityEngine.Motion" preserve="nothing"/>
		<type fullname="UnityEngine.RuntimeAnimatorController" preserve="nothing"/>
		<type fullname="UnityEngine.RenderTexture" preserve="nothing"/>
		<type fullname="UnityEngine.CanvasGroup" preserve="nothing"/>
		<type fullname="UnityEngine.Audio.AudioMixer" preserve="nothing"/>
		<type fullname="UnityEngine.Effector2D" preserve="nothing"/>
		<type fullname="UnityEngine.AreaEffector2D" preserve="nothing"/>
		<type fullname="UnityEngine.BuoyancyEffector2D" preserve="nothing"/>
		<type fullname="UnityEngine.PointEffector2D" preserve="nothing"/>
		<type fullname="UnityEngine.PlatformEffector2D" preserve="nothing"/>
		<type fullname="UnityEngine.SurfaceEffector2D" preserve="nothing"/>
		<type fullname="UnityEngine.AudioClip" preserve="nothing"/>
		<type fullname="UnityEngine.Audio.AudioMixerGroup" preserve="nothing"/>
		<type fullname="UnityEngine.Audio.AudioMixerSnapshot" preserve="nothing"/>
		<type fullname="UnityEngine.PhysicsMaterial2D" preserve="nothing"/>
	</assembly>
	<assembly fullname="Assembly-CSharp">
		<type fullname="AudioManager" preserve="nothing"/>
		<type fullname="BlockManager" preserve="nothing"/>
		<type fullname="Bullet" preserve="nothing"/>
		<type fullname="CharacterManager" preserve="nothing"/>
		<type fullname="Checkpoint" preserve="nothing"/>
		<type fullname="ColourPicker" preserve="nothing"/>
		<type fullname="CommonCharacter" preserve="nothing"/>
		<type fullname="DamageBlock" preserve="nothing"/>
		<type fullname="Donutask.AnalyticsManager" preserve="nothing"/>
		<type fullname="Donutask.Editor.EditorCharacter" preserve="nothing"/>
		<type fullname="Donutask.Editor.EditorGadgets" preserve="nothing"/>
		<type fullname="Donutask.Editor.Inventory" preserve="nothing"/>
		<type fullname="Donutask.Editor.Layers" preserve="nothing"/>
		<type fullname="Donutask.Editor.LevelEditor" preserve="nothing"/>
		<type fullname="Donutask.Editor.Select" preserve="nothing"/>
		<type fullname="Donutask.Entities.Cannon" preserve="nothing"/>
		<type fullname="Donutask.Entities.CannonBall" preserve="nothing"/>
		<type fullname="Donutask.Entities.CaveSpike" preserve="nothing"/>
		<type fullname="Donutask.Entities.Coin" preserve="nothing"/>
		<type fullname="Donutask.Entities.Enemy" preserve="nothing"/>
		<type fullname="Donutask.Entities.Explosive" preserve="nothing"/>
		<type fullname="Donutask.Entities.FireTurtle" preserve="nothing"/>
		<type fullname="Donutask.Entities.Fireball" preserve="nothing"/>
		<type fullname="Donutask.Entities.Firework" preserve="nothing"/>
		<type fullname="Donutask.Entities.HeatBlock" preserve="nothing"/>
		<type fullname="Donutask.Entities.Ice" preserve="nothing"/>
		<type fullname="Donutask.Entities.MechTurtle" preserve="nothing"/>
		<type fullname="Donutask.Entities.OneWayBlock" preserve="nothing"/>
		<type fullname="Donutask.Entities.Powerup" preserve="nothing"/>
		<type fullname="Donutask.Entities.Shell" preserve="nothing"/>
		<type fullname="Donutask.Entities.Spike" preserve="nothing"/>
		<type fullname="Donutask.Entities.Wormhole" preserve="nothing"/>
		<type fullname="Donutask.PlayMode.PlayerCharacter" preserve="nothing"/>
		<type fullname="DropBlock" preserve="nothing"/>
		<type fullname="EditNotices" preserve="nothing"/>
		<type fullname="EntityBase" preserve="nothing"/>
		<type fullname="EntityEditorBridge" preserve="nothing"/>
		<type fullname="EntityTransform" preserve="nothing"/>
		<type fullname="Fan" preserve="nothing"/>
		<type fullname="FullVersion" preserve="nothing"/>
		<type fullname="Goal" preserve="nothing"/>
		<type fullname="HelpManager" preserve="nothing"/>
		<type fullname="HideableTile" preserve="nothing"/>
		<type fullname="HoldButton" preserve="nothing"/>
		<type fullname="Import" preserve="nothing"/>
		<type fullname="InputAxis" preserve="nothing"/>
		<type fullname="InputManager" preserve="nothing"/>
		<type fullname="KeyChooser" preserve="nothing"/>
		<type fullname="Ladder" preserve="nothing"/>
		<type fullname="LevelBackground" preserve="nothing"/>
		<type fullname="LevelManager" preserve="nothing"/>
		<type fullname="LoadInterface" preserve="nothing"/>
		<type fullname="LoadingManager" preserve="nothing"/>
		<type fullname="LongPressButton" preserve="nothing"/>
		<type fullname="Magnet" preserve="nothing"/>
		<type fullname="PowerupManager" preserve="nothing"/>
		<type fullname="RotationEditor" preserve="nothing"/>
		<type fullname="SaveLoad" preserve="nothing"/>
		<type fullname="Settings" preserve="nothing"/>
		<type fullname="Sign" preserve="nothing"/>
		<type fullname="SmartTimeInput" preserve="nothing"/>
		<type fullname="Spring" preserve="nothing"/>
		<type fullname="TMP_Hyperlink" preserve="nothing"/>
		<type fullname="ThumbnailPlaceholder" preserve="nothing"/>
		<type fullname="TimeEditor" preserve="nothing"/>
		<type fullname="TimerBlock" preserve="nothing"/>
		<type fullname="Togglable" preserve="nothing"/>
		<type fullname="ToggleButton" preserve="nothing"/>
		<type fullname="Tooltip" preserve="nothing"/>
		<type fullname="UIManager" preserve="nothing"/>
	</assembly>
	<assembly fullname="IngameDebugConsole.Runtime">
		<type fullname="IngameDebugConsole.DebugLogItem" preserve="nothing"/>
		<type fullname="IngameDebugConsole.DebugLogManager" preserve="nothing"/>
		<type fullname="IngameDebugConsole.DebugLogPopup" preserve="nothing"/>
		<type fullname="IngameDebugConsole.DebugLogRecycledListView" preserve="nothing"/>
		<type fullname="IngameDebugConsole.DebugLogResizeListener" preserve="nothing"/>
		<type fullname="IngameDebugConsole.DebugsOnScrollListener" preserve="nothing"/>
	</assembly>
	<assembly fullname="Kyub.EmojiSearch">
		<type fullname="Kyub.EmojiSearch.TMP_EmojiSpriteAsset" preserve="nothing"/>
		<type fullname="Kyub.EmojiSearch.UI.TMP_EmojiTextUGUI" preserve="nothing"/>
	</assembly>
	<assembly fullname="SimpleFileBrowser.Runtime">
		<type fullname="SimpleFileBrowser.FileBrowser" preserve="nothing"/>
		<type fullname="SimpleFileBrowser.FileBrowserContextMenu" preserve="nothing"/>
		<type fullname="SimpleFileBrowser.FileBrowserCursorHandler" preserve="nothing"/>
		<type fullname="SimpleFileBrowser.FileBrowserDeleteConfirmationPanel" preserve="nothing"/>
		<type fullname="SimpleFileBrowser.FileBrowserItem" preserve="nothing"/>
		<type fullname="SimpleFileBrowser.FileBrowserMovement" preserve="nothing"/>
		<type fullname="SimpleFileBrowser.FileBrowserQuickLink" preserve="nothing"/>
		<type fullname="SimpleFileBrowser.FileBrowserRenamedItem" preserve="nothing"/>
		<type fullname="SimpleFileBrowser.NonDrawingGraphic" preserve="nothing"/>
		<type fullname="SimpleFileBrowser.RecycledListView" preserve="nothing"/>
	</assembly>
	<assembly fullname="Unity.2D.SpriteShape.Runtime">
		<type fullname="UnityEngine.U2D.SpriteShape" preserve="nothing"/>
		<type fullname="UnityEngine.U2D.SpriteShapeController" preserve="nothing"/>
	</assembly>
	<assembly fullname="Unity.Analytics.DataPrivacy">
		<type fullname="UnityEngine.Analytics.DataPrivacyButton" preserve="nothing"/>
	</assembly>
	<assembly fullname="Unity.Analytics.Tracker">
		<type fullname="UnityEngine.Analytics.AnalyticsEventTracker" preserve="nothing"/>
	</assembly>
	<assembly fullname="Unity.RenderPipelines.Core.Runtime">
		<type fullname="UnityEngine.Rendering.UI.DebugUIHandlerBitField" preserve="nothing"/>
		<type fullname="UnityEngine.Rendering.UI.DebugUIHandlerButton" preserve="nothing"/>
		<type fullname="UnityEngine.Rendering.UI.DebugUIHandlerCanvas" preserve="nothing"/>
		<type fullname="UnityEngine.Rendering.UI.DebugUIHandlerColor" preserve="nothing"/>
		<type fullname="UnityEngine.Rendering.UI.DebugUIHandlerContainer" preserve="nothing"/>
		<type fullname="UnityEngine.Rendering.UI.DebugUIHandlerEnumField" preserve="nothing"/>
		<type fullname="UnityEngine.Rendering.UI.DebugUIHandlerEnumHistory" preserve="nothing"/>
		<type fullname="UnityEngine.Rendering.UI.DebugUIHandlerFloatField" preserve="nothing"/>
		<type fullname="UnityEngine.Rendering.UI.DebugUIHandlerFoldout" preserve="nothing"/>
		<type fullname="UnityEngine.Rendering.UI.DebugUIHandlerGroup" preserve="nothing"/>
		<type fullname="UnityEngine.Rendering.UI.DebugUIHandlerHBox" preserve="nothing"/>
		<type fullname="UnityEngine.Rendering.UI.DebugUIHandlerIndirectFloatField" preserve="nothing"/>
		<type fullname="UnityEngine.Rendering.UI.DebugUIHandlerIndirectToggle" preserve="nothing"/>
		<type fullname="UnityEngine.Rendering.UI.DebugUIHandlerIntField" preserve="nothing"/>
		<type fullname="UnityEngine.Rendering.UI.DebugUIHandlerPanel" preserve="nothing"/>
		<type fullname="UnityEngine.Rendering.UI.DebugUIHandlerPersistentCanvas" preserve="nothing"/>
		<type fullname="UnityEngine.Rendering.UI.DebugUIHandlerRow" preserve="nothing"/>
		<type fullname="UnityEngine.Rendering.UI.DebugUIHandlerToggle" preserve="nothing"/>
		<type fullname="UnityEngine.Rendering.UI.DebugUIHandlerToggleHistory" preserve="nothing"/>
		<type fullname="UnityEngine.Rendering.UI.DebugUIHandlerUIntField" preserve="nothing"/>
		<type fullname="UnityEngine.Rendering.UI.DebugUIHandlerVBox" preserve="nothing"/>
		<type fullname="UnityEngine.Rendering.UI.DebugUIHandlerValue" preserve="nothing"/>
		<type fullname="UnityEngine.Rendering.UI.DebugUIHandlerVector2" preserve="nothing"/>
		<type fullname="UnityEngine.Rendering.UI.DebugUIHandlerVector3" preserve="nothing"/>
		<type fullname="UnityEngine.Rendering.UI.DebugUIHandlerVector4" preserve="nothing"/>
		<type fullname="UnityEngine.Rendering.UI.UIFoldout" preserve="nothing"/>
	</assembly>
	<assembly fullname="Unity.RenderPipelines.Universal.Runtime">
		<type fullname="UnityEngine.Experimental.Rendering.Universal.Renderer2DData" preserve="nothing"/>
		<type fullname="UnityEngine.Rendering.Universal.PostProcessData" preserve="nothing"/>
		<type fullname="UnityEngine.Rendering.Universal.UniversalAdditionalCameraData" preserve="nothing"/>
		<type fullname="UnityEngine.Rendering.Universal.UniversalRenderPipelineAsset" preserve="nothing"/>
	</assembly>
	<assembly fullname="Unity.TextMeshPro">
		<type fullname="TMPro.TMP_Dropdown" preserve="nothing"/>
		<type fullname="TMPro.TMP_FontAsset" preserve="nothing"/>
		<type fullname="TMPro.TMP_InputField" preserve="nothing"/>
		<type fullname="TMPro.TMP_Settings" preserve="nothing"/>
		<type fullname="TMPro.TMP_SpriteAsset" preserve="nothing"/>
		<type fullname="TMPro.TMP_StyleSheet" preserve="nothing"/>
		<type fullname="TMPro.TextMeshPro" preserve="nothing"/>
		<type fullname="TMPro.TextMeshProUGUI" preserve="nothing"/>
	</assembly>
	<assembly fullname="UnityEngine.UI">
		<type fullname="UnityEngine.EventSystems.BaseInput" preserve="nothing"/>
		<type fullname="UnityEngine.EventSystems.EventSystem" preserve="nothing"/>
		<type fullname="UnityEngine.EventSystems.EventTrigger" preserve="nothing"/>
		<type fullname="UnityEngine.EventSystems.StandaloneInputModule" preserve="nothing"/>
		<type fullname="UnityEngine.UI.Button" preserve="nothing"/>
		<type fullname="UnityEngine.UI.CanvasScaler" preserve="nothing"/>
		<type fullname="UnityEngine.UI.ContentSizeFitter" preserve="nothing"/>
		<type fullname="UnityEngine.UI.Dropdown" preserve="nothing"/>
		<type fullname="UnityEngine.UI.GraphicRaycaster" preserve="nothing"/>
		<type fullname="UnityEngine.UI.GridLayoutGroup" preserve="nothing"/>
		<type fullname="UnityEngine.UI.HorizontalLayoutGroup" preserve="nothing"/>
		<type fullname="UnityEngine.UI.Image" preserve="nothing"/>
		<type fullname="UnityEngine.UI.InputField" preserve="nothing"/>
		<type fullname="UnityEngine.UI.LayoutElement" preserve="nothing"/>
		<type fullname="UnityEngine.UI.Mask" preserve="nothing"/>
		<type fullname="UnityEngine.UI.Outline" preserve="nothing"/>
		<type fullname="UnityEngine.UI.RawImage" preserve="nothing"/>
		<type fullname="UnityEngine.UI.RectMask2D" preserve="nothing"/>
		<type fullname="UnityEngine.UI.ScrollRect" preserve="nothing"/>
		<type fullname="UnityEngine.UI.Scrollbar" preserve="nothing"/>
		<type fullname="UnityEngine.UI.Shadow" preserve="nothing"/>
		<type fullname="UnityEngine.UI.Slider" preserve="nothing"/>
		<type fullname="UnityEngine.UI.Text" preserve="nothing"/>
		<type fullname="UnityEngine.UI.Toggle" preserve="nothing"/>
		<type fullname="UnityEngine.UI.ToggleGroup" preserve="nothing"/>
		<type fullname="UnityEngine.UI.VerticalLayoutGroup" preserve="nothing"/>
	</assembly>
</linker>
